{"count":1,"gauges":{},"self":40.866406399999995,"total":71.5346509,"children":{"AgentResetIfDone":{"count":3440,"self":0.0733872,"total":0.0733872,"children":null},"AgentSendState":{"count":3440,"self":0.0701004,"total":0.8531843,"children":{"CollectObservations":{"count":7224,"self":0.78308389999999994,"total":0.78308389999999994,"children":null}}},"DecideAction":{"count":3440,"self":0.6693442,"total":0.6693442,"children":null},"AcademyStep":{"count":3440,"self":0.0029227999999999997,"total":0.0029227999999999997,"children":null},"AgentAct":{"count":3440,"self":29.0684288,"total":29.068429499999997,"children":null}}}