{"count":1,"gauges":{},"self":42.396332799999996,"total":43.0385534,"children":{"AgentResetIfDone":{"count":2120,"self":0.0156224,"total":0.0156224,"children":null},"AgentSendState":{"count":2120,"self":0.044052799999999996,"total":0.17015149999999998,"children":{"CollectObservations":{"count":4452,"self":0.1260987,"total":0.1260987,"children":null}}},"DecideAction":{"count":2120,"self":0.43389249999999996,"total":0.43389249999999996,"children":null},"AcademyStep":{"count":2120,"self":0.00097229999999999994,"total":0.00097229999999999994,"children":null},"AgentAct":{"count":2120,"self":0.020605599999999998,"total":0.020605599999999998,"children":null}}}