{"count":1,"gauges":{},"self":62.039577599999994,"total":62.9697628,"children":{"AgentResetIfDone":{"count":3118,"self":0.062477899999999996,"total":0.062477899999999996,"children":null},"AgentSendState":{"count":3118,"self":0.067101899999999992,"total":0.2593586,"children":{"CollectObservations":{"count":6552,"self":0.1922567,"total":0.1922567,"children":null}}},"DecideAction":{"count":3118,"self":0.5761254,"total":0.5761254,"children":null},"AcademyStep":{"count":3118,"self":0.0039093,"total":0.0039093,"children":null},"AgentAct":{"count":3118,"self":0.0273157,"total":0.0273157,"children":null}}}